0.4054651081081644,hbr
0.3547819695946438,women
0.32099321058563013,business
0.28720445157661645,harvard
0.13515503603605478,sandberg
0.11826065653154795,school
0.11826065653154795,publishing
0.11826065653154795,lean
0.08447189752253426,org
0.08447189752253426,do
0.08447189752253426,back
0.06757751801802739,would
0.06757751801802739,workplace
0.06757751801802739,that
0.06757751801802739,sheryl
0.06757751801802739,register
0.06757751801802739,out
0.06757751801802739,magazine
0.06757751801802739,leadership
0.06757751801802739,is
0.06757751801802739,creating
0.06757751801802739,corporate
0.06757751801802739,barriers
0.05068313851352055,technique
0.05068313851352055,subscriber
0.05068313851352055,start
0.05068313851352055,services
0.05068313851352055,rules
0.05068313851352055,right
0.05068313851352055,revolution
0.05068313851352055,rethinking
0.05068313851352055,re
0.05068313851352055,partly
0.05068313851352055,of
0.05068313851352055,men
0.05068313851352055,leaders
0.05068313851352055,leader
0.05068313851352055,institutional
0.05068313851352055,her
0.05068313851352055,good
0.05068313851352055,gender
0.05068313851352055,free
0.05068313851352055,forecasting
0.05068313851352055,for
0.05068313851352055,figure
0.05068313851352055,feminist
0.05068313851352055,everything
0.05068313851352055,entrepreneurship
0.05068313851352055,education
0.05068313851352055,earth
0.05068313851352055,changes
0.05068313851352055,career
0.05068313851352055,books
0.05068313851352055,become
0.05068313851352055,be
0.05068313851352055,authors
0.05068313851352055,article
0.05068313851352055,access
0.033788759009013694,you
0.033788759009013694,webinars
0.033788759009013694,we
0.033788759009013694,ways
0.033788759009013694,way
0.033788759009013694,want
0.033788759009013694,today
0.033788759009013694,think
0.033788759009013694,things
0.033788759009013694,their
0.033788759009013694,table
0.033788759009013694,strategy
0.033788759009013694,store
0.033788759009013694,sort
0.033788759009013694,sit
0.033788759009013694,sign
0.033788759009013694,said
0.033788759009013694,running
0.033788759009013694,reigniting
0.033788759009013694,progress
0.033788759009013694,professional
0.033788759009013694,power
0.033788759009013694,positions
0.033788759009013694,popular
0.033788759009013694,place
0.033788759009013694,pdf
0.033788759009013694,part
0.033788759009013694,outspoken
0.033788759009013694,our
0.033788759009013694,operations
0.033788759009013694,often
0.033788759009013694,my
0.033788759009013694,means
0.033788759009013694,mean
0.033788759009013694,manifesto
0.033788759009013694,management
0.033788759009013694,leave
0.033788759009013694,learning
0.033788759009013694,information
0.033788759009013694,ignatius
0.033788759009013694,hold
0.033788759009013694,higher
0.033788759009013694,held
0.033788759009013694,has
0.033788759009013694,giant
0.033788759009013694,full
0.033788759009013694,female
0.033788759009013694,face
0.033788759009013694,executive
0.033788759009013694,equal
0.033788759009013694,editor
0.033788759009013694,don
0.033788759009013694,differences
0.033788759009013694,decisions
0.033788759009013694,days
0.033788759009013694,courses
0.033788759009013694,copyright
0.033788759009013694,complex
0.033788759009013694,chief
0.033788759009013694,cases
0.033788759009013694,careers
0.033788759009013694,call
0.033788759009013694,blogs
0.033788759009013694,blaming
0.033788759009013694,balanced
0.033788759009013694,aspiring
0.033788759009013694,archive
0.033788759009013694,any
0.033788759009013694,all
0.033788759009013694,advocate
0.033788759009013694,activate
0.016894379504506847,wrong
0.016894379504506847,write
0.016894379504506847,work
0.016894379504506847,woman
0.016894379504506847,within
0.016894379504506847,with
0.016894379504506847,well
0.016894379504506847,website
0.016894379504506847,warren
0.016894379504506847,walter
0.016894379504506847,walker
0.016894379504506847,visit
0.016894379504506847,ve
0.016894379504506847,uninterrupted
0.016894379504506847,understanding
0.016894379504506847,ultimate
0.016894379504506847,trying
0.016894379504506847,true
0.016894379504506847,treasury
0.016894379504506847,trademark
0.016894379504506847,topics
0.016894379504506847,times
0.016894379504506847,thought
0.016894379504506847,though
0.016894379504506847,thinking
0.016894379504506847,telecommunications
0.016894379504506847,teams
0.016894379504506847,team
0.016894379504506847,talking
0.016894379504506847,talked
0.016894379504506847,tables
0.016894379504506847,supporting
0.016894379504506847,summary
0.016894379504506847,summa
0.016894379504506847,suite
0.016894379504506847,subscribers
0.016894379504506847,studies
0.016894379504506847,stereotypical
0.016894379504506847,step
0.016894379504506847,started
0.016894379504506847,stalled
0.016894379504506847,sprague
0.016894379504506847,sponsored
0.016894379504506847,spirited
0.016894379504506847,special
0.016894379504506847,sometimes
0.016894379504506847,society
0.016894379504506847,socialization
0.016894379504506847,skills
0.016894379504506847,sitting
0.016894379504506847,single
0.016894379504506847,since
0.016894379504506847,side
0.016894379504506847,should
0.016894379504506847,she
0.016894379504506847,second
0.016894379504506847,seats
0.016894379504506847,scorecard
0.016894379504506847,rss
0.016894379504506847,role
0.016894379504506847,return
0.016894379504506847,retailers
0.016894379504506847,result
0.016894379504506847,respond
0.016894379504506847,research
0.016894379504506847,reprints
0.016894379504506847,relevance
0.016894379504506847,refer
0.016894379504506847,recognize
0.016894379504506847,reclaim
0.016894379504506847,recently
0.016894379504506847,reasons
0.016894379504506847,reason
0.016894379504506847,ready
0.016894379504506847,reads
0.016894379504506847,race
0.016894379504506847,quite
0.016894379504506847,quality
0.016894379504506847,pursue
0.016894379504506847,purchase
0.016894379504506847,pull
0.016894379504506847,public
0.016894379504506847,provoking
0.016894379504506847,promotional
0.016894379504506847,productive
0.016894379504506847,preview
0.016894379504506847,powered
0.016894379504506847,postings
0.016894379504506847,posting
0.016894379504506847,population
0.016894379504506847,podcasts
0.016894379504506847,please
0.016894379504506847,personal
0.016894379504506847,per
0.016894379504506847,passions
0.016894379504506847,partner
0.016894379504506847,parallel
0.016894379504506847,paid
0.016894379504506847,own
0.016894379504506847,overly
0.016894379504506847,overcome
0.016894379504506847,outside
0.016894379504506847,other
0.016894379504506847,order
0.016894379504506847,opportunities
0.016894379504506847,only
0.016894379504506847,off
0.016894379504506847,notice
0.016894379504506847,newton
0.016894379504506847,newsletters
0.016894379504506847,newsletter
0.016894379504506847,nevertheless
0.016894379504506847,need
0.016894379504506847,much
0.016894379504506847,moved
0.016894379504506847,moderators
0.016894379504506847,moderating
0.016894379504506847,measuring
0.016894379504506847,me
0.016894379504506847,mckinsey
0.016894379504506847,many
0.016894379504506847,manufacturing
0.016894379504506847,managing
0.016894379504506847,manages
0.016894379504506847,man
0.016894379504506847,male
0.016894379504506847,made
0.016894379504506847,lot
0.016894379504506847,lives
0.016894379504506847,listeners
0.016894379504506847,linkedin
0.016894379504506847,likability
0.016894379504506847,level
0.016894379504506847,less
0.016894379504506847,length
0.016894379504506847,lead
0.016894379504506847,laude
0.016894379504506847,landing
0.016894379504506847,keep
0.016894379504506847,judgment
0.016894379504506847,jonathan
0.016894379504506847,javascript
0.016894379504506847,issues
0.016894379504506847,issue
0.016894379504506847,international
0.016894379504506847,internal
0.016894379504506847,interests
0.016894379504506847,intelligence
0.016894379504506847,insurance
0.016894379504506847,inquires
0.016894379504506847,innovation
0.016894379504506847,industries
0.016894379504506847,important
0.016894379504506847,illustrious
0.016894379504506847,illustration
0.016894379504506847,idea
0.016894379504506847,huge
0.016894379504506847,hope
0.016894379504506847,his
0.016894379504506847,helping
0.016894379504506847,health
0.016894379504506847,hbs
0.016894379504506847,happier
0.016894379504506847,happen
0.016894379504506847,half
0.016894379504506847,had
0.016894379504506847,guide
0.016894379504506847,graduation
0.016894379504506847,graciously
0.016894379504506847,got
0.016894379504506847,goal
0.016894379504506847,give
0.016894379504506847,gap
0.016894379504506847,fully
0.016894379504506847,forms
0.016894379504506847,finance
0.016894379504506847,feed
0.016894379504506847,faster
0.016894379504506847,famously
0.016894379504506847,family
0.016894379504506847,faced
0.016894379504506847,explore
0.016894379504506847,explains
0.016894379504506847,experience
0.016894379504506847,exist
0.016894379504506847,execution
0.016894379504506847,except
0.016894379504506847,every
0.016894379504506847,ever
0.016894379504506847,essentially
0.016894379504506847,equality
0.016894379504506847,ensure
0.016894379504506847,enough
0.016894379504506847,energetic
0.016894379504506847,encouraging
0.016894379504506847,encouraged
0.016894379504506847,encourage
0.016894379504506847,enable
0.016894379504506847,emulate
0.016894379504506847,emotional
0.016894379504506847,email
0.016894379504506847,educators
0.016894379504506847,editions
0.016894379504506847,edited
0.016894379504506847,edit
0.016894379504506847,disqus
0.016894379504506847,discussion
0.016894379504506847,digital
0.016894379504506847,determined
0.016894379504506847,details
0.016894379504506847,describes
0.016894379504506847,describe
0.016894379504506847,department
0.016894379504506847,deleted
0.016894379504506847,degrees
0.016894379504506847,decade
0.016894379504506847,debate
0.016894379504506847,customer
0.016894379504506847,current
0.016894379504506847,cum
0.016894379504506847,criticized
0.016894379504506847,cost
0.016894379504506847,coo
0.016894379504506847,conversations
0.016894379504506847,continue
0.016894379504506847,constructive
0.016894379504506847,consensus
0.016894379504506847,confront
0.016894379504506847,competition
0.016894379504506847,compete
0.016894379504506847,company
0.016894379504506847,common
0.016894379504506847,combination
0.016894379504506847,collections
0.016894379504506847,cohesive
0.016894379504506847,clarity
0.016894379504506847,chapters
0.016894379504506847,change
0.016894379504506847,challenges
0.016894379504506847,celebrating
0.016894379504506847,celebrate
0.016894379504506847,cds
0.016894379504506847,care
0.016894379504506847,buyers
0.016894379504506847,buy
0.016894379504506847,but
0.016894379504506847,builders
0.016894379504506847,buffett
0.016894379504506847,bring
0.016894379504506847,booksellers
0.016894379504506847,board
0.016894379504506847,believe
0.016894379504506847,behalf
0.016894379504506847,becoming
0.016894379504506847,beating
0.016894379504506847,bank
0.016894379504506847,available
0.016894379504506847,asked
0.016894379504506847,articles
0.016894379504506847,analytic
0.016894379504506847,ambitions
0.016894379504506847,alice
0.016894379504506847,affiliate
0.016894379504506847,advice
0.016894379504506847,advertise
0.016894379504506847,advancement
0.016894379504506847,advance
0.016894379504506847,act
0.016894379504506847,accounting
0.0,youtube
0.0,your
0.0,years
0.0,world
0.0,word
0.0,what
0.0,was
0.0,wants
0.0,view
0.0,video
0.0,use
0.0,us
0.0,u
0.0,twitter
0.0,topic
0.0,top
0.0,to
0.0,time
0.0,this
0.0,they
0.0,the
0.0,talks
0.0,talk
0.0,taken
0.0,take
0.0,t
0.0,success
0.0,subscribe
0.0,stories
0.0,social
0.0,service
0.0,series
0.0,see
0.0,say
0.0,save
0.0,s
0.0,rights
0.0,review
0.0,reserved
0.0,report
0.0,related
0.0,recent
0.0,reading
0.0,read
0.0,property
0.0,project
0.0,products
0.0,privacy
0.0,policy
0.0,photography
0.0,performance
0.0,people
0.0,past
0.0,p
0.0,or
0.0,one
0.0,not
0.0,new
0.0,must
0.0,most
0.0,more
0.0,mobile
0.0,media
0.0,mdash
0.0,may
0.0,managed
0.0,making
0.0,makes
0.0,make
0.0,m
0.0,look
0.0,like
0.0,life
0.0,just
0.0,jobs
0.0,it
0.0,interview
0.0,in
0.0,identify
0.0,i
0.0,how
0.0,hours
0.0,home
0.0,help
0.0,have
0.0,guidelines
0.0,great
0.0,google
0.0,get
0.0,follow
0.0,first
0.0,find
0.0,facebook
0.0,f
0.0,even
0.0,data
0.0,could
0.0,copy
0.0,contact
0.0,companies
0.0,comments
0.0,college
0.0,choose
0.0,case
0.0,can
0.0,c
0.0,by
0.0,book
0.0,big
0.0,better
0.0,best
0.0,began
0.0,audio
0.0,at
0.0,as
0.0,aren
0.0,are
0.0,april
0.0,and
0.0,an
0.0,amp
0.0,america
0.0,also
0.0,already
0.0,ago
0.0,adi
0.0,add
0.0,action
0.0,account
0.0,about
