all,0.01351550360360548,0,0,0,0,0,0,0,1,0,0,0,0
since,0.01351550360360548,0,0,0,0,0,0,0,0,0,0,0,0
managed,0.0,0,0,0,0,0,0,0,0,0,0,0,0
manages,0.01351550360360548,0,0,0,0,0,0,0,0,0,0,0,0
per,0.01351550360360548,0,0,0,0,0,0,0,0,0,0,0,0
reigniting,0.02703100720721096,0,0,0,0,0,0,0,0,0,0,0,0
talks,0.0,0,0,0,0,0,0,0,0,0,0,0,0
follow,0.0,0,0,0,0,0,0,0,0,0,0,0,0
faster,0.01351550360360548,0,0,0,0,0,0,0,0,0,0,0,0
decisions,0.02703100720721096,0,0,0,0,0,0,0,0,0,0,1,1
issues,0.01351550360360548,0,0,0,0,0,0,0,0,0,0,0,0
re,0.04054651081081644,0,0,0,0,0,0,0,0,0,0,0,0
sprague,0.01351550360360548,0,0,0,0,0,0,0,0,0,0,0,0
technique,0,0,0,0,0,0,0,0,1,0,0,0,0
opportunities,0.01351550360360548,0,0,0,0,0,0,0,0,0,0,0,0
to,0.0,0,0,0,0,0,0,0,1,0,0,0,0
suite,0.01351550360360548,0,0,0,0,0,0,0,0,0,0,0,0
women,0.28382557567571504,0,0,0,0,0,0,0,0,0,0,0,0
postings,0.01351550360360548,0,0,0,0,0,0,0,0,0,0,0,0
me,0.01351550360360548,0,0,0,0,0,0,0,0,0,0,0,0
woman,0.01351550360360548,0,0,0,0,0,0,0,0,0,0,0,0
sitting,0.01351550360360548,0,0,0,0,0,0,0,0,0,0,0,0
very,0,0,0,0,0,0,0,0,0,0,0,0,0
every,0.01351550360360548,0,0,0,0,0,0,0,0,0,0,0,0
school,0.09460852522523835,0,0,0,0,0,1,0,1,0,1,1,1
level,0.01351550360360548,0,0,0,0,0,0,0,0,0,0,0,0
skills,0.01351550360360548,0,0,0,0,0,0,0,0,0,0,0,0
gender,0.04054651081081644,0,0,0,0,0,0,0,0,0,0,0,0
rights,0.0,0,0,0,0,0,0,0,0,0,0,0,0
companies,0.0,0,0,0,0,0,0,0,0,0,0,0,0
leave,0.02703100720721096,0,0,0,0,0,0,0,0,0,0,0,0
p,0,0,0,0,0,0,0,0,1,0,0,0,0
race,0.01351550360360548,0,0,0,0,0,0,0,0,0,0,0,0
team,0.01351550360360548,0,0,0,0,0,0,0,0,0,0,0,0
warren,0.01351550360360548,0,0,0,0,0,0,0,0,0,0,0,0
stereotypical,0.01351550360360548,0,0,0,0,0,0,0,0,0,0,0,0
booksellers,0.01351550360360548,0,0,0,0,0,0,0,1,0,0,1,1
revolution,0.04054651081081644,0,0,0,0,0,0,0,0,0,0,0,0
leaders,0.04054651081081644,0,0,0,0,0,0,0,0,0,0,0,0
educators,0.01351550360360548,0,0,0,0,0,0,0,1,0,0,1,1
guidelines,0.0,0,0,0,0,0,0,0,1,0,0,1,1
sign,0.02703100720721096,0,0,0,0,0,0,0,1,0,0,0,1
past,0.0,0,0,0,0,0,0,0,0,0,0,0,0
second,0.01351550360360548,0,0,0,0,0,0,0,0,0,0,0,0
cost,0.01351550360360548,0,0,0,0,0,0,0,0,0,0,0,0
video,0.0,0,0,0,0,0,0,0,1,0,0,0,1
even,0.0,0,0,0,0,0,0,0,0,0,0,0,0
what,0.0,0,0,0,0,0,0,0,1,0,0,0,1
power,0.02703100720721096,0,0,0,0,0,0,0,0,0,0,0,0
find,0.0,0,0,0,0,0,0,0,0,0,0,0,0
current,0.01351550360360548,0,0,0,0,0,0,0,1,0,0,0,1
international,0.01351550360360548,0,0,0,0,0,0,0,1,0,0,0,1
ever,0.01351550360360548,0,0,0,0,0,0,0,0,0,0,0,0
public,0.01351550360360548,0,0,0,0,0,0,0,0,0,0,0,0
edited,0.01351550360360548,0,0,0,0,0,0,0,0,0,0,0,0
full,0.02703100720721096,0,0,0,0,0,0,0,0,0,0,0,0
men,0.04054651081081644,0,0,0,0,0,0,0,0,0,0,0,0
understanding,0.01351550360360548,0,0,0,0,0,0,0,0,0,0,0,0
hours,0.0,0,0,0,0,1,0,0,1,0,0,1,1
explore,0.01351550360360548,0,0,0,0,0,1,0,0,0,1,1,1
change,0.01351550360360548,0,0,0,0,0,0,0,1,0,0,1,1
great,0.0,0,0,0,0,0,0,0,0,0,0,0,1
experience,0.01351550360360548,0,0,0,0,0,0,0,0,0,0,0,0
products,0.0,0,0,0,0,0,0,0,1,0,0,1,1
social,0.0,0,0,0,0,0,0,0,0,0,0,0,0
action,0.0,0,0,0,0,0,0,0,0,0,0,0,0
changes,0.04054651081081644,0,0,0,0,0,0,0,1,0,0,0,0
hbs,0.01351550360360548,0,0,0,0,0,0,0,1,0,0,1,1
hbr,0.4054651081081644,0,0,0,0,1,1,0,1,0,1,1,1
family,0.01351550360360548,0,0,0,0,0,0,0,0,0,0,0,0
yourself,0,0,0,0,0,0,0,0,1,0,0,0,1
use,0.0,0,0,0,0,0,0,0,0,0,0,0,0
from,0,0,0,0,0,0,0,0,0,0,0,0,0
would,0.05406201441442192,0,0,0,0,0,0,0,0,0,0,0,0
visit,0.01351550360360548,0,0,0,0,0,0,0,1,0,0,0,1
socialization,0.01351550360360548,0,0,0,0,0,0,0,0,0,0,0,0
call,0.02703100720721096,0,0,0,0,0,0,0,0,0,0,0,0
taken,0.0,0,0,0,0,0,0,0,0,0,0,0,0
themselves,0,0,0,0,0,0,0,0,0,0,0,0,0
jonathan,0.01351550360360548,0,0,0,0,0,0,0,0,0,0,0,0
today,0.04054651081081644,0,0,0,0,0,0,0,1,0,0,1,1
more,0.0,0,0,0,0,0,0,0,0,0,0,0,0
sort,0.02703100720721096,0,0,0,0,0,0,0,0,0,0,0,0
posting,0.01351550360360548,0,0,0,0,0,0,0,0,0,0,0,0
started,0.01351550360360548,0,0,0,0,0,0,0,0,0,0,0,0
company,0.04054651081081644,0,0,0,0,0,0,0,0,0,0,1,1
cases,0.02703100720721096,0,0,0,0,0,0,0,1,0,1,1,1
hold,0.02703100720721096,0,0,0,0,0,0,0,0,0,0,0,0
behalf,0.01351550360360548,0,0,0,0,0,0,0,0,0,0,0,0
must,0.0,0,0,0,0,0,0,0,1,0,0,0,0
customer,0.01351550360360548,0,0,0,0,0,1,0,0,0,1,1,1
account,0.0,0,0,0,0,0,0,0,1,0,0,1,1
word,0.0,0,0,0,0,0,0,0,0,0,0,0,0
f,0.0,0,0,0,0,0,0,0,0,0,0,0,0
pursue,0.01351550360360548,0,0,0,0,0,0,0,0,0,0,0,0
work,0.01351550360360548,0,0,0,0,0,0,0,0,0,0,0,0
can,0.0,0,0,0,0,0,0,0,0,0,0,0,0
sandberg,0.10812402882884384,0,0,0,0,0,0,0,1,0,0,1,1
making,0.0,0,0,0,0,0,0,0,0,0,0,0,1
male,0.01351550360360548,0,0,0,0,0,0,0,0,0,0,0,0
my,0.02703100720721096,0,0,0,0,0,0,0,1,0,0,0,1
reserved,0.0,0,0,0,0,0,0,0,0,0,0,0,0
figure,0,0,0,0,0,0,0,0,1,0,0,0,0
give,0.01351550360360548,0,0,0,0,0,0,0,0,0,0,0,0
newsletters,0.04054651081081644,0,0,0,0,0,0,0,1,0,0,1,1
promotional,0.01351550360360548,0,0,0,0,0,0,0,0,0,0,0,0
topic,0.0,0,0,0,0,0,0,0,0,0,0,0,0
his,0.01351550360360548,0,0,0,0,0,0,0,0,0,0,0,0
want,0.02703100720721096,0,0,0,0,0,0,0,0,0,0,0,0
times,0.01351550360360548,0,0,0,0,0,0,0,0,0,0,0,0
information,0.02703100720721096,0,0,0,0,0,0,0,1,0,0,1,1
productive,0.01351550360360548,0,0,0,0,0,0,0,0,0,0,0,0
goal,0.01351550360360548,0,0,0,0,0,0,0,0,0,0,0,0
sit,0.02703100720721096,0,0,0,0,0,0,0,0,0,0,0,0
discussion,0.01351550360360548,0,0,0,0,0,0,0,0,0,0,0,0
means,0.02703100720721096,0,0,0,0,0,0,0,0,0,0,0,0
write,0.01351550360360548,0,0,0,0,0,0,0,0,0,0,0,0
how,0.0,0,0,0,0,0,0,0,1,0,0,0,1
interview,0.0,0,0,0,0,0,0,0,1,0,0,1,1
explains,0.01351550360360548,0,0,0,0,0,0,0,0,0,0,0,0
huge,0.01351550360360548,0,0,0,0,0,0,0,0,0,0,0,0
may,0.0,0,0,0,0,0,0,0,0,0,0,0,0
advice,0.01351550360360548,0,0,0,0,0,0,0,0,0,0,0,0
entrepreneurship,0,0,0,0,0,0,0,0,1,0,0,0,0
wrong,0.01351550360360548,0,0,0,0,0,0,0,0,0,0,0,0
studies,0.04054651081081644,0,0,0,0,0,0,0,1,0,1,1,1
data,0.0,0,0,0,0,0,0,0,0,0,0,0,0
parallel,0.01351550360360548,0,0,0,0,0,0,0,0,0,0,0,0
man,0.01351550360360548,0,0,0,0,0,0,0,0,0,0,0,0
a,0,0,0,0,0,1,1,0,1,0,0,0,0
purchase,0.01351550360360548,0,0,0,0,0,0,0,1,0,0,0,0
register,0.05406201441442192,0,0,0,0,0,0,0,1,0,0,1,1
chief,0.02703100720721096,0,0,0,0,0,0,0,0,0,0,0,0
ultimate,0.01351550360360548,0,0,0,0,0,0,0,0,0,0,0,0
things,0.02703100720721096,0,0,0,0,0,0,0,0,0,0,0,0
facebook,0.0,0,0,0,0,0,1,0,1,0,1,1,1
order,0.01351550360360548,0,0,0,0,0,0,0,0,0,0,0,0
talk,0.0,0,0,0,0,0,0,0,0,0,0,0,0
operations,0.02703100720721096,0,0,0,0,0,0,0,0,0,0,0,0
help,0.0,0,0,0,0,0,0,0,1,0,0,0,1
institutional,0.04054651081081644,0,0,0,0,0,0,0,0,0,0,0,0
years,0.0,0,0,0,0,0,0,0,0,0,0,0,0
held,0.02703100720721096,0,0,0,0,0,0,0,0,0,0,0,0
through,0,0,0,0,0,0,0,0,0,0,0,0,0
before,0,0,0,0,0,0,0,0,0,0,0,0,0
industries,0.01351550360360548,0,0,0,0,0,0,0,0,0,0,0,0
personal,0.01351550360360548,0,0,0,0,0,0,0,0,0,0,0,0
better,0.0,0,0,0,0,0,0,0,0,0,0,0,0
degrees,0.01351550360360548,0,0,0,0,0,0,0,0,0,0,0,0
choose,0,0,0,0,0,0,0,0,1,0,0,0,0
stalled,0.01351550360360548,0,0,0,0,0,0,0,0,0,0,0,0
policy,0.0,0,0,0,0,0,0,0,1,0,1,1,1
overcome,0.01351550360360548,0,0,0,0,0,0,0,0,0,0,0,0
them,0,0,0,0,0,0,0,0,0,0,0,0,0
good,0.04054651081081644,0,0,0,0,0,0,0,0,0,0,0,0
return,0.01351550360360548,0,0,0,0,0,0,0,1,0,1,1,1
finance,0.01351550360360548,0,0,0,0,0,0,0,1,0,0,0,0
combination,0.01351550360360548,0,0,0,0,0,0,0,0,0,0,0,0
conversations,0.01351550360360548,0,0,0,0,0,0,0,0,0,0,0,0
subscribers,0.01351550360360548,0,0,0,0,0,0,0,0,0,0,0,0
half,0.01351550360360548,0,0,0,0,0,0,0,0,0,0,0,0
not,0.0,0,0,0,0,0,0,0,0,0,0,0,0
now,0,1,0,1,0,0,0,0,1,0,0,0,1
bank,0.01351550360360548,0,0,0,0,0,0,0,0,0,0,0,0
articles,0.04054651081081644,0,0,1,0,1,0,0,0,0,0,1,1
equality,0.01351550360360548,0,0,0,0,0,0,0,0,0,0,0,0
edit,0.01351550360360548,0,0,0,0,0,0,0,0,0,0,0,0
likability,0.01351550360360548,0,0,0,0,0,0,0,0,0,0,0,0
courses,0.02703100720721096,0,0,0,0,0,0,0,1,0,1,1,1
affiliate,0.01351550360360548,0,0,0,0,0,0,0,0,0,0,0,0
each,0,0,0,0,0,0,0,0,0,0,0,0,0
side,0.01351550360360548,0,0,0,0,0,0,0,0,0,0,0,0
mean,0.02703100720721096,0,0,0,0,0,0,0,0,0,0,0,0
rethinking,0,0,0,0,0,0,0,0,1,0,0,0,0
activate,0.02703100720721096,0,0,0,0,0,0,0,1,0,0,0,0
series,0.0,0,0,0,0,0,0,0,1,0,0,1,1
idea,0.01351550360360548,0,0,0,0,0,0,0,0,0,0,0,0
related,0.0,0,0,0,1,0,0,0,0,0,0,0,1
challenges,0.01351550360360548,0,0,0,0,0,0,0,0,0,0,0,0
celebrating,0.01351550360360548,0,0,0,0,0,0,0,0,0,0,0,0
manifesto,0.02703100720721096,0,0,0,0,0,0,0,0,0,0,0,0
our,0.02703100720721096,1,0,1,0,0,0,0,0,0,0,0,1
happen,0.01351550360360548,0,0,0,0,0,0,0,0,0,0,0,0
summary,0.01351550360360548,0,0,0,0,0,0,0,1,0,0,1,1
insurance,0.01351550360360548,0,0,0,0,0,0,0,1,0,0,0,0
special,0.01351550360360548,0,0,0,0,0,0,0,1,0,0,0,1
out,0.01351550360360548,0,0,0,0,0,0,0,1,0,0,0,0
aspiring,0.02703100720721096,0,0,0,0,0,0,0,0,0,0,0,0
research,0.01351550360360548,0,0,0,0,0,0,0,0,0,0,0,0
emulate,0.01351550360360548,0,0,0,0,0,0,0,0,0,0,0,0
encourage,0.01351550360360548,0,0,0,0,0,0,0,0,0,0,0,0
health,0.01351550360360548,0,0,0,0,0,0,0,1,0,0,1,1
inquires,0.01351550360360548,0,0,0,0,0,0,0,1,0,0,1,1
got,0.01351550360360548,0,0,0,0,0,0,0,0,0,0,0,0
issue,0.01351550360360548,0,0,0,0,0,0,0,1,0,0,1,1
she,0.01351550360360548,0,0,0,0,0,0,0,0,0,0,0,0
free,0.04054651081081644,0,0,0,0,0,0,0,1,0,0,0,0
quite,0.01351550360360548,0,0,0,0,0,0,0,0,0,0,0,0
reason,0.01351550360360548,0,0,0,0,0,0,0,0,0,0,0,0
org,0.06757751801802739,0,0,0,0,0,1,0,1,0,0,0,0
care,0.01351550360360548,0,0,0,0,0,0,0,1,0,0,1,1
advance,0.01351550360360548,0,0,0,0,0,0,0,0,0,0,0,0
could,0.0,0,0,0,0,0,0,0,0,0,0,0,0
days,0.02703100720721096,0,0,0,0,1,0,0,1,0,0,1,1
keep,0.01351550360360548,0,0,0,0,0,1,0,0,0,1,0,1
length,0.01351550360360548,0,0,0,0,0,0,0,0,0,0,0,0
place,0.02703100720721096,0,0,0,0,0,0,0,0,0,0,0,0
barriers,0.05406201441442192,0,0,0,0,0,0,0,0,0,0,0,0
think,0.02703100720721096,0,0,0,0,0,0,0,0,0,0,0,1
first,0.0,0,0,0,0,0,0,0,0,0,0,0,0
feed,0.01351550360360548,0,0,0,0,0,0,0,1,0,0,0,1
already,0.0,0,0,0,0,0,0,0,0,0,0,0,0
encouraging,0.01351550360360548,0,0,0,0,0,0,0,0,0,0,0,0
one,0.0,0,0,0,0,0,0,0,0,0,0,0,0
talked,0.01351550360360548,0,0,0,0,0,0,0,0,0,0,0,0
clarity,0.01351550360360548,0,0,0,0,0,0,0,0,0,0,0,0
quality,0.01351550360360548,0,0,0,0,0,0,0,0,0,0,0,0
management,0.04054651081081644,0,0,0,0,0,0,0,1,0,0,1,1
service,0.0,0,0,0,0,0,1,0,0,0,1,1,1
privacy,0.0,0,0,0,0,0,0,0,1,0,0,0,1
top,0.0,0,0,1,0,0,0,0,0,0,0,0,1
their,0.02703100720721096,0,0,0,0,0,0,0,0,0,0,0,1
store,0.02703100720721096,0,0,0,0,0,1,0,1,0,0,0,1
interests,0.01351550360360548,0,0,0,0,0,0,0,0,0,0,0,0
way,0.02703100720721096,0,0,0,0,0,0,0,0,0,0,0,0
mckinsey,0.01351550360360548,0,0,0,0,0,0,0,0,0,0,0,0
part,0.02703100720721096,0,0,0,0,0,0,0,0,0,0,0,0
authors,0.04054651081081644,0,0,0,0,0,0,0,1,0,0,1,1
copy,0.0,0,0,0,0,0,0,0,0,0,0,0,0
population,0.01351550360360548,0,0,0,0,0,0,0,0,0,0,0,0
project,0.0,0,0,0,0,0,0,0,1,0,0,1,1
i,0.0,0,0,0,0,0,0,0,0,0,0,0,0
listeners,0.01351550360360548,0,0,0,0,0,0,0,0,0,0,0,0
determined,0.01351550360360548,0,0,0,0,0,0,0,0,0,0,0,0
result,0.01351550360360548,0,0,0,0,0,0,0,0,0,0,0,0
and,0.0,0,0,0,0,0,0,0,1,0,0,0,0
topics,0.01351550360360548,0,0,0,0,0,0,0,0,0,0,0,0
scorecard,0.01351550360360548,0,0,0,0,0,0,0,1,0,1,1,1
say,0.0,0,0,0,0,0,0,0,0,0,0,0,0
have,0.0,0,0,0,0,0,0,0,0,0,0,0,0
need,0.01351550360360548,0,0,0,0,0,0,0,0,0,0,0,0
any,0.02703100720721096,0,0,0,0,0,0,0,0,0,0,0,0
that,0.05406201441442192,0,0,0,0,0,0,0,0,0,0,0,1
also,0.0,0,0,0,1,0,0,0,0,0,0,0,1
internal,0.01351550360360548,0,0,0,0,0,0,0,0,0,0,0,0
take,0.0,0,0,0,0,0,0,0,0,0,0,0,0
which,0,0,0,0,0,0,0,0,0,0,0,0,0
performance,0.0,0,0,0,0,0,0,0,1,0,0,1,1
though,0.01351550360360548,0,0,0,0,0,0,0,0,0,0,0,0
who,0,0,0,0,0,0,0,0,0,0,0,0,0
paid,0.01351550360360548,0,0,0,0,0,0,0,1,0,0,0,0
most,0.0,0,0,0,0,0,0,0,1,0,0,0,1
sponsored,0.01351550360360548,0,0,0,0,0,0,0,0,0,0,0,0
landing,0.01351550360360548,0,0,0,0,0,0,0,0,0,0,0,0
services,0.04054651081081644,0,0,0,0,0,0,0,1,0,0,1,1
america,0.0,0,0,0,0,0,0,0,0,0,0,0,0
why,0,0,0,0,0,0,0,0,1,0,0,0,0
don,0.02703100720721096,0,0,0,0,0,0,0,0,0,0,0,0
mobile,0.0,0,0,0,0,0,0,0,1,0,1,1,1
sometimes,0.01351550360360548,0,0,0,0,0,0,0,0,0,0,0,0
m,0.0,0,0,0,0,0,0,0,0,0,0,0,0
face,0.02703100720721096,0,0,0,0,0,0,0,0,0,0,0,0
sheryl,0.05406201441442192,0,0,0,0,0,0,0,1,0,0,0,1
professional,0.02703100720721096,0,0,0,0,0,0,0,1,0,0,0,1
chapters,0.01351550360360548,0,0,0,0,0,0,0,1,0,1,1,1
bring,0.01351550360360548,0,0,0,0,0,0,0,0,0,0,0,0
cds,0.01351550360360548,0,0,0,0,0,0,0,1,0,1,1,1
earth,0.04054651081081644,0,0,0,0,0,0,0,1,0,0,0,0
debate,0.01351550360360548,0,0,0,0,0,0,0,0,0,0,0,0
decade,0.01351550360360548,0,0,0,0,0,0,0,0,0,0,0,0
access,0.04054651081081644,0,0,0,0,0,0,0,1,0,0,0,0
giant,0.02703100720721096,0,0,0,0,0,0,0,0,0,0,0,0
believe,0.01351550360360548,0,0,0,0,0,0,0,0,0,0,0,0
copyright,0.02703100720721096,0,0,0,0,0,0,0,1,0,0,1,1
with,0.01351550360360548,0,0,0,0,0,1,0,1,0,0,0,0
outside,0.01351550360360548,0,0,0,0,0,0,0,0,0,0,0,0
should,0.01351550360360548,0,0,0,0,0,0,0,0,0,0,0,0
analytic,0.01351550360360548,0,0,0,0,0,0,0,1,0,1,0,1
only,0.01351550360360548,0,0,0,0,0,0,0,0,0,0,0,0
treasury,0.01351550360360548,0,0,0,0,0,0,0,0,0,0,0,0
rss,0.02703100720721096,0,0,0,0,0,0,0,1,0,0,1,1
hope,0.01351550360360548,0,0,0,0,0,0,0,0,0,0,0,0
do,0.06757751801802739,0,0,0,0,0,0,0,0,0,0,0,0
newton,0.01351550360360548,0,0,0,0,0,0,0,0,0,0,0,0
get,0.0,0,0,0,0,0,0,0,0,0,0,0,0
photography,0.0,0,0,0,0,0,0,0,0,0,0,0,0
criticized,0.01351550360360548,0,0,0,0,0,0,0,0,0,0,0,0
new,0.0,0,0,0,0,0,0,0,1,0,0,0,0
report,0.0,0,0,0,0,0,0,0,1,0,1,1,1
disqus,0.01351550360360548,0,0,0,0,0,0,0,1,0,0,0,1
celebrate,0.01351550360360548,0,0,0,0,0,0,0,0,0,0,0,0
reprints,0.01351550360360548,0,0,0,0,0,0,0,1,0,1,1,1
common,0.01351550360360548,0,0,0,0,0,0,0,0,0,0,0,0
where,0,0,0,0,0,0,0,0,0,0,0,0,0
view,0.0,0,0,0,0,0,0,0,0,0,0,0,0
respond,0.01351550360360548,0,0,0,0,0,0,0,0,0,0,0,0
supporting,0.01351550360360548,0,0,0,0,0,0,0,0,0,0,0,0
intelligence,0.01351550360360548,0,0,0,0,0,0,0,1,0,0,1,1
seats,0.01351550360360548,0,0,0,0,0,0,0,0,0,0,0,0
we,0.02703100720721096,0,0,0,0,0,0,0,0,0,0,0,0
see,0.0,0,0,0,0,0,0,0,0,0,0,0,0
college,0.0,0,0,0,0,0,0,0,0,0,0,0,0
are,0.0,0,0,0,0,0,0,0,0,0,0,0,0
recently,0.01351550360360548,0,0,0,0,0,0,0,0,0,0,0,0
best,0.0,0,0,0,0,0,0,0,1,0,0,0,0
encouraged,0.01351550360360548,0,0,0,0,0,0,0,0,0,0,0,0
spirited,0.01351550360360548,0,0,0,0,0,0,0,0,0,0,0,0
said,0.02703100720721096,0,0,0,0,0,0,0,0,0,0,0,0
ambitions,0.01351550360360548,0,0,0,0,0,0,0,0,0,0,0,0
managing,0.01351550360360548,0,0,0,0,0,0,0,1,0,0,0,1
review,0.0,1,0,1,0,0,0,0,1,0,1,1,1
please,0.01351550360360548,0,0,0,0,0,0,0,0,0,0,0,0
enough,0.01351550360360548,0,0,0,0,0,0,0,0,0,0,0,0
progress,0.02703100720721096,0,0,0,0,0,0,0,0,0,0,0,0
reading,0.0,0,0,0,0,0,0,0,0,0,0,0,0
email,0.01351550360360548,0,0,0,0,0,0,0,1,0,1,0,1
available,0.01351550360360548,0,0,0,1,0,0,0,0,0,0,0,1
notice,0.01351550360360548,0,0,0,0,0,0,0,0,0,0,0,0
jobs,0.0,0,0,0,0,0,0,0,0,0,0,0,0
creating,0.05406201441442192,0,0,0,0,0,0,0,1,0,0,0,0
right,0,0,0,0,0,0,0,0,1,0,0,0,0
javascript,0.01351550360360548,0,0,0,0,0,0,0,0,0,0,0,0
harvard,0.2567945684685041,1,0,1,0,0,1,0,1,0,1,1,1
article,0.04054651081081644,0,0,0,0,0,0,0,1,0,1,1,1
faced,0.01351550360360548,0,0,0,0,0,0,0,0,0,0,0,0
c,0.0,0,0,0,0,0,0,0,0,0,0,0,0
summa,0.01351550360360548,0,0,0,0,0,0,0,0,0,0,0,0
career,0.04054651081081644,0,0,0,0,0,0,0,0,0,0,0,0
many,0.01351550360360548,0,0,0,0,0,0,0,0,0,0,0,0
equal,0.02703100720721096,0,0,0,0,0,0,0,0,0,0,0,0
april,0.0,0,1,0,0,0,0,0,1,0,0,1,1
moderators,0.01351550360360548,0,0,0,0,0,0,0,0,0,0,0,0
workplace,0.05406201441442192,0,0,0,0,0,0,0,1,0,0,0,0
pdf,0.02703100720721096,0,0,0,0,0,0,0,1,0,0,0,1
asked,0.01351550360360548,0,0,0,0,0,0,0,0,0,0,0,0
coo,0.01351550360360548,0,0,0,0,0,0,0,0,0,0,0,0
forecasting,0,0,0,0,0,0,0,0,1,0,0,0,0
reasons,0.01351550360360548,0,0,0,0,0,0,0,0,0,0,0,0
except,0.01351550360360548,0,0,0,0,0,0,0,0,0,0,0,0
subscribe,0.0,0,0,0,0,0,0,0,1,0,0,0,1
learning,0.02703100720721096,0,0,0,0,0,0,0,1,0,1,1,1
table,0.02703100720721096,0,0,0,0,0,0,0,0,0,0,0,0
telecommunications,0.01351550360360548,0,0,0,0,0,0,0,1,0,0,0,0
forms,0.01351550360360548,0,0,0,0,0,0,0,0,0,0,0,0
publishing,0.09460852522523835,0,0,0,0,0,1,0,1,0,0,0,1
powered,0.01351550360360548,0,0,0,0,0,0,0,1,0,0,0,0
buffett,0.01351550360360548,0,0,0,0,0,0,0,0,0,0,0,0
trademark,0.01351550360360548,0,0,0,0,0,0,0,1,0,1,1,1
strategy,0.04054651081081644,0,0,0,0,0,0,0,1,0,0,1,1
subscriber,0.04054651081081644,0,0,0,0,0,0,0,1,0,0,1,1
much,0.01351550360360548,0,0,0,0,0,0,0,0,0,0,0,0
walter,0.01351550360360548,0,0,0,0,0,0,0,0,0,0,0,0
wants,0.0,0,0,0,0,0,0,0,0,0,0,0,0
life,0.0,0,0,0,0,0,0,0,0,0,0,0,0
enable,0.01351550360360548,0,0,0,0,0,0,0,0,0,0,0,0
partly,0.04054651081081644,0,0,0,0,0,0,0,0,0,0,0,0
am,0,0,0,0,0,0,0,0,0,0,0,0,0
essentially,0.01351550360360548,0,0,0,0,0,0,0,0,0,0,0,0
gap,0.01351550360360548,0,0,0,0,0,0,0,0,0,0,1,1
lives,0.01351550360360548,0,0,0,0,0,0,0,0,0,0,0,0
ways,0.02703100720721096,0,0,0,0,0,0,0,0,0,0,0,0
case,0.0,0,0,0,0,0,0,0,1,0,1,1,1
myself,0,0,0,0,0,0,0,0,0,0,0,0,0
save,0.0,0,0,0,0,0,0,0,0,0,0,0,0
look,0.0,0,0,0,0,0,0,0,0,0,0,0,0
talking,0.01351550360360548,0,0,0,0,0,0,0,0,0,0,0,0
these,0,0,0,0,0,0,0,0,0,0,0,0,0
single,0.01351550360360548,0,0,0,0,0,0,0,0,0,0,0,0
podcasts,0.01351550360360548,0,0,0,0,0,0,0,0,0,0,0,0
will,0,0,0,0,0,0,0,0,0,0,0,0,0
property,0.0,0,0,0,0,0,0,0,0,0,0,0,0
guide,0.01351550360360548,0,0,0,0,0,0,0,1,0,0,1,1
ve,0.01351550360360548,0,0,0,0,0,0,0,0,0,0,0,0
is,0.05406201441442192,1,0,1,0,0,0,0,0,0,0,0,1
it,0.0,0,0,0,0,0,0,0,1,0,0,0,0
linkedin,0.02703100720721096,0,0,0,0,0,0,0,1,0,1,1,1
uninterrupted,0.01351550360360548,0,0,0,0,0,0,0,0,0,0,0,0
reads,0.01351550360360548,0,0,0,0,0,0,0,1,0,0,0,0
in,0.0,0,0,0,0,0,0,0,1,0,0,0,0
ready,0.01351550360360548,0,0,0,0,0,0,0,0,0,0,0,0
partner,0.01351550360360548,0,0,0,0,0,0,0,0,0,0,0,0
if,0,0,0,0,0,0,0,0,0,0,0,0,0
media,0.0,0,0,0,0,0,0,0,1,0,0,1,1
make,0.0,0,0,0,0,0,0,0,0,0,0,0,1
s,0.0,0,0,0,0,0,0,0,1,0,0,0,0
rules,0.02703100720721096,0,0,0,0,0,0,0,1,0,0,1,1
complex,0.02703100720721096,0,0,0,0,0,0,0,0,0,0,0,0
higher,0.02703100720721096,0,0,0,0,0,0,0,1,0,0,0,1
running,0.02703100720721096,0,0,0,0,0,0,0,0,0,0,0,0
judgment,0.01351550360360548,0,0,0,0,0,0,0,0,0,0,0,0
recent,0.0,0,0,0,0,0,0,0,0,0,0,0,0
off,0.01351550360360548,0,0,0,0,0,0,0,0,0,0,0,0
nevertheless,0.01351550360360548,0,0,0,0,0,0,0,0,0,0,0,0
makes,0.0,0,0,0,0,0,0,0,1,0,0,0,1
well,0.01351550360360548,0,0,0,0,0,0,0,0,0,0,0,0
thought,0.01351550360360548,0,0,0,0,0,0,0,0,0,0,0,0
contact,0.0,0,0,0,0,0,0,0,1,0,0,0,1
reclaim,0.01351550360360548,0,0,0,0,0,0,0,0,0,0,0,0
the,0.0,0,0,0,0,0,0,0,1,0,0,0,1
audio,0.0,0,0,0,1,0,0,0,1,0,1,1,1
corporate,0.05406201441442192,0,0,0,0,0,0,0,1,0,1,1,1
ignatius,0.02703100720721096,0,0,0,0,0,0,0,0,0,0,0,0
they,0.0,0,0,0,0,0,0,0,0,0,0,0,0
just,0.0,0,0,0,0,0,0,0,0,0,0,0,0
less,0.01351550360360548,0,0,0,0,0,0,0,0,0,0,0,0
being,0,0,0,0,0,0,0,0,0,0,0,0,0
when,0,0,0,0,0,0,0,0,0,0,0,0,1
executive,0.02703100720721096,0,0,0,0,0,0,0,1,0,0,0,1
identify,0.0,0,0,0,0,0,0,0,0,0,0,0,0
positions,0.02703100720721096,0,0,0,0,0,0,0,0,0,0,0,0
tables,0.01351550360360548,0,0,0,0,0,0,0,0,0,0,0,0
buyers,0.01351550360360548,0,0,0,0,0,0,0,1,0,0,1,1
feminist,0.04054651081081644,0,0,0,0,0,0,0,0,0,0,0,0
thinking,0.01351550360360548,0,0,0,0,0,0,0,0,0,0,0,0
had,0.01351550360360548,0,0,0,0,0,0,0,0,0,0,0,0
advancement,0.01351550360360548,0,0,0,0,0,0,0,0,0,0,0,0
add,0.0,0,0,0,0,0,0,0,0,0,0,0,0
book,0.0,0,0,0,0,0,0,0,1,0,1,1,1
collections,0.01351550360360548,0,0,0,0,0,0,0,1,0,0,1,1
board,0.01351550360360548,0,0,0,0,0,0,0,0,0,0,0,0
relevance,0.01351550360360548,0,0,0,0,0,0,0,0,0,0,0,0
cum,0.01351550360360548,0,0,0,0,0,0,0,0,0,0,0,0
has,0.02703100720721096,0,0,0,0,0,0,0,0,0,0,0,0
careers,0.02703100720721096,0,0,0,0,0,0,0,1,0,0,1,1
adi,0.0,0,0,0,0,0,0,0,0,0,0,0,0
read,0.0,0,0,0,0,0,0,0,0,0,0,0,0
big,0.0,0,0,0,0,0,0,0,0,0,0,0,0
famously,0.01351550360360548,0,0,0,0,0,0,0,0,0,0,0,0
advocate,0.02703100720721096,0,0,0,0,0,0,0,0,0,0,0,0
amp,0.0,0,0,0,0,0,0,0,1,0,0,0,0
execution,0.01351550360360548,0,0,0,0,0,0,0,1,0,0,1,1
webinars,0.02703100720721096,0,0,0,0,0,0,0,1,0,1,1,1
like,0.0,0,0,0,0,0,0,0,0,0,0,0,0
success,0.0,0,0,0,0,0,0,0,0,0,0,0,0
confront,0.01351550360360548,0,0,0,0,0,0,0,0,0,0,0,0
alice,0.01351550360360548,0,0,0,0,0,0,0,0,0,0,0,0
consensus,0.01351550360360548,0,0,0,0,0,0,0,0,0,0,0,0
continue,0.01351550360360548,0,0,0,0,0,0,0,0,0,0,0,0
provoking,0.01351550360360548,0,0,0,0,0,0,0,0,0,0,0,0
t,0.0,0,0,0,0,0,0,0,0,0,0,0,0
retailers,0.01351550360360548,0,0,0,0,0,0,0,1,0,0,1,1
fully,0.01351550360360548,0,0,0,0,0,0,0,0,0,0,0,0
popular,0.02703100720721096,0,0,0,0,0,0,0,1,0,0,0,1
become,0.04054651081081644,0,0,0,0,0,0,0,0,0,0,0,0
google,0.0,0,0,0,0,0,0,0,0,0,1,0,1
often,0.02703100720721096,0,0,0,0,0,0,0,0,0,0,0,0
people,0.0,0,0,0,0,0,0,0,0,0,0,0,0
twitter,0.0,0,0,0,0,0,0,0,1,0,1,1,1
some,0,0,0,0,0,0,0,0,0,0,0,0,0
back,0.06757751801802739,0,0,0,0,0,0,0,0,0,0,0,0
competition,0.01351550360360548,0,0,0,0,0,0,0,1,0,0,1,1
home,0.0,0,0,0,0,0,0,0,0,0,0,0,0
advertise,0.01351550360360548,0,0,0,0,0,0,0,1,0,0,0,1
newsletter,0.01351550360360548,0,0,0,0,0,0,0,1,0,0,0,1
ourselves,0,0,0,0,0,0,0,0,0,0,0,0,0
passions,0.01351550360360548,0,0,0,0,0,0,0,0,0,0,0,0
for,0.04054651081081644,0,0,0,0,0,0,0,1,0,0,0,1
outspoken,0.02703100720721096,0,0,0,0,0,0,0,0,0,0,0,0
lean,0.09460852522523835,0,0,0,0,0,0,0,1,0,0,0,0
overly,0.01351550360360548,0,0,0,0,0,0,0,0,0,0,0,0
comments,0.0,0,0,1,0,0,0,0,1,0,0,1,1
everything,0.04054651081081644,0,0,0,0,0,0,0,1,0,0,0,0
innovation,0.01351550360360548,0,0,0,0,0,0,0,1,0,0,1,1
beating,0.01351550360360548,0,0,0,0,0,0,0,0,0,0,0,0
leader,0.04054651081081644,0,0,0,0,0,0,0,1,0,0,1,1
refer,0.01351550360360548,0,0,0,0,0,0,0,0,0,0,0,0
measuring,0.01351550360360548,0,0,0,0,0,0,0,1,0,0,0,1
be,0.04054651081081644,0,0,0,0,0,0,0,0,0,0,0,0
business,0.28382557567571504,1,0,1,0,0,1,0,1,0,1,1,1
deleted,0.01351550360360548,0,0,0,0,0,0,0,0,0,0,0,0
illustration,0.01351550360360548,0,0,0,0,0,0,0,0,0,0,0,0
constructive,0.01351550360360548,0,0,0,0,0,0,0,0,0,0,0,0
step,0.01351550360360548,0,0,0,0,0,0,0,0,0,0,0,0
leadership,0.05406201441442192,0,0,0,0,0,0,0,1,0,0,1,1
manufacturing,0.01351550360360548,0,0,0,0,0,0,0,1,0,0,0,1
by,0.0,0,0,0,0,0,0,0,1,0,0,0,0
on,0,0,0,0,0,0,1,0,1,0,0,0,1
about,0.0,0,0,0,0,0,1,0,1,0,0,0,1
world,0.0,0,0,0,0,0,0,0,0,0,0,0,0
of,0.04054651081081644,0,0,0,0,0,0,0,1,0,0,0,0
mdash,0.0,0,0,0,0,0,0,0,0,0,0,0,0
graduation,0.01351550360360548,0,0,0,0,0,0,0,0,0,0,0,0
magazine,0.08109302162163289,0,0,1,1,0,1,0,1,0,1,1,1
ensure,0.01351550360360548,0,0,0,0,0,0,0,0,0,0,0,0
act,0.01351550360360548,0,0,0,0,0,0,0,0,0,0,0,0
or,0.0,0,0,0,0,0,0,0,0,0,0,0,0
this,0.0,0,0,0,0,0,0,0,0,0,0,0,0
own,0.01351550360360548,0,0,0,0,0,0,0,0,0,0,0,0
within,0.01351550360360548,0,0,0,0,0,0,0,0,0,0,0,0
because,0,0,0,0,0,0,0,0,0,0,0,0,0
moderating,0.01351550360360548,0,0,0,0,0,0,0,0,0,0,0,0
female,0.02703100720721096,0,0,0,0,0,0,0,0,0,0,0,0
balanced,0.02703100720721096,0,0,0,0,0,0,0,1,0,0,0,1
your,0.0,0,0,0,0,0,0,0,1,0,0,0,0
her,0.04054651081081644,0,0,0,0,0,0,0,0,0,0,0,0
aren,0.0,0,0,0,0,0,0,0,0,0,0,0,0
there,0,0,0,0,0,0,0,0,0,0,0,0,0
illustrious,0.01351550360360548,0,0,0,0,0,0,0,0,0,0,0,0
start,0.04054651081081644,0,0,0,0,0,0,0,1,0,0,0,0
describes,0.01351550360360548,0,0,0,0,0,0,0,0,0,0,0,0
editor,0.02703100720721096,0,0,0,0,0,0,0,0,0,0,0,0
lot,0.01351550360360548,0,0,0,0,0,0,0,0,0,0,0,0
editions,0.01351550360360548,0,0,0,0,0,0,0,1,0,0,1,1
was,0.0,0,0,0,0,0,0,0,0,0,0,0,0
buy,0.01351550360360548,0,0,0,0,0,0,0,1,0,0,0,1
graciously,0.01351550360360548,0,0,0,0,0,0,0,0,0,0,0,0
becoming,0.01351550360360548,0,0,0,0,0,0,0,0,0,0,0,0
differences,0.02703100720721096,0,0,0,0,0,0,0,0,0,0,0,0
but,0.01351550360360548,0,0,0,0,0,0,0,0,0,0,0,0
blaming,0.02703100720721096,0,0,0,0,0,0,0,0,0,0,0,0
trying,0.01351550360360548,0,0,0,0,0,0,0,0,0,0,0,0
true,0.01351550360360548,0,0,0,0,0,0,0,0,0,0,0,0
he,0,0,0,0,0,0,0,0,0,0,0,0,0
pull,0.01351550360360548,0,0,0,0,0,0,0,0,0,0,0,0
made,0.01351550360360548,0,0,0,0,0,0,0,0,0,0,0,0
society,0.01351550360360548,0,0,0,0,0,0,0,0,0,0,0,0
up,0,0,0,0,0,0,1,0,1,0,0,0,0
us,0.0,0,0,0,0,0,0,0,1,0,0,0,1
books,0.06757751801802739,0,0,0,0,0,0,0,1,0,1,1,1
stories,0.0,0,0,0,0,0,0,0,0,0,0,0,0
emotional,0.01351550360360548,0,0,0,0,0,0,0,1,0,0,1,1
builders,0.01351550360360548,0,0,0,0,0,0,0,0,0,0,0,0
website,0.01351550360360548,0,0,0,0,0,0,0,1,0,1,0,1
recognize,0.01351550360360548,0,0,0,0,0,0,0,0,0,0,0,0
describe,0.01351550360360548,0,0,0,0,0,0,0,0,0,0,0,0
moved,0.01351550360360548,0,0,0,0,0,0,0,0,0,0,0,0
an,0.0,0,0,0,0,0,0,0,0,0,0,0,0
as,0.0,0,0,0,0,0,0,0,0,0,0,0,0
exist,0.01351550360360548,0,0,0,0,0,0,0,0,0,0,0,0
at,0.0,0,0,0,0,0,0,0,0,0,0,0,0
accounting,0.01351550360360548,0,0,0,0,0,0,0,0,0,0,0,0
education,0.04054651081081644,0,0,0,0,0,0,0,1,0,0,1,1
archive,0.02703100720721096,0,0,0,0,0,0,0,1,0,0,0,0
no,0,0,0,0,0,0,0,0,0,0,0,0,0
cohesive,0.01351550360360548,0,0,0,0,0,0,0,0,0,0,0,0
other,0.01351550360360548,0,0,0,0,0,0,0,0,0,0,0,0
role,0.01351550360360548,0,0,0,0,0,0,0,0,0,0,0,0
details,0.01351550360360548,0,0,0,0,0,0,0,1,0,0,1,1
digital,0.01351550360360548,0,0,0,0,0,0,0,1,0,0,0,0
department,0.01351550360360548,0,0,0,0,0,0,0,0,0,0,0,0
u,0.0,0,0,0,0,0,0,0,0,0,0,0,0
you,0.02703100720721096,0,0,0,0,0,0,0,0,0,0,0,0
energetic,0.01351550360360548,0,0,0,0,0,0,0,0,0,0,0,0
helping,0.01351550360360548,0,0,0,0,0,0,0,0,0,0,0,0
important,0.05406201441442192,0,0,0,0,0,0,0,0,0,0,0,1
laude,0.01351550360360548,0,0,0,0,0,0,0,0,0,0,0,0
began,0.0,0,0,0,0,0,0,0,0,0,0,0,0
ago,0.0,0,0,0,0,0,0,0,0,0,0,0,0
happier,0.01351550360360548,0,0,0,0,0,0,0,0,0,0,0,0
lead,0.01351550360360548,0,0,0,0,0,0,0,0,0,0,0,0
blogs,0.02703100720721096,0,0,0,0,0,0,0,1,0,1,1,1
teams,0.01351550360360548,0,0,0,0,0,0,0,0,0,0,0,0
youtube,0.0,0,0,0,0,0,0,0,1,0,1,1,1
compete,0.01351550360360548,0,0,0,0,0,0,0,0,0,0,0,0
time,0.0,1,0,1,0,0,0,0,0,0,0,1,1
walker,0.01351550360360548,0,0,0,0,0,0,0,0,0,0,0,0
preview,0.01351550360360548,0,0,0,0,0,0,0,0,0,0,0,0
